time_stamp,bank_id,type,v1,v2,v3,v4,v5,v6,v7,v8,v9,v10,v11,v12,v13,v14,v15,v16,v17
1675636926.765506,12,V,0.467,0.564,1.651,2.036,2.586,1.14,0.638,2.128,2.969,2.829,1.416,1.794,1.617,1.088,2.126,0.73,0.311
1675636931.214869,2,V,2.76,1.308,2.763,2.939,2.096,0.164,1.885,0.052,0.904,2.77,2.158,1.635,1.183,1.802,0.954,2.204,0.396
1675636931.636151,1,T,0.783,1.134,2.053,1.363,1.018,0.604,1.849,1.655,2.393,2.173,0.773,2.226,1.365,1.233,0.738,0.066,1.992
1675636932.053088,2,V,2.209,2.67,0.147,2.65,1.138,0.571,0.552,2.794,0.374,0.207,0.306,2.693,0.292,0.508,0.789,0.021,2.66
1675636932.4706051,2,V,0.582,0.026,1.94,2.309,1.064,1.822,2.526,1.521,2.436,0.142,1.389,0.759,1.323,2.213,1.867,1.523,2.779
1675636932.814496,2,V,0.44,2.925,0.132,2.521,1.626,0.999,0.615,0.697,0.011,1.561,0.141,2.989,2.748,0.624,1.833,1.685,1.878
1675637216.727853,4,V,0.061,1.541,2.643,2.462,0.603,2.622,1.877,1.755,2.381,2.567,1.537,1.007,0.311,2.074,0.292,1.02,0.156
1675637217.3972669,4,V,0.935,2.934,2.836,2.889,2.033,1.708,0.463,1.182,1.194,2.202,1.784,2.965,2.599,2.74,0.876,2.547,2.711
1675637225.331897,1,T,1.975,2.362,1.998,0.365,2.34,1.416,2.071,2.556,1.521,0.928,1.377,0.011,0.012,0.759,1.718,2.022,1.116
1675637225.7524831,2,V,0.238,2.607,0.024,1.607,0.499,0.504,2.361,2.421,1.805,1.05,2.359,1.929,1.539,1.879,2.062,1.096,0.982
1675637226.1001558,5,V,1.635,2.839,1.877,0.88,2.089,1.565,0.509,1.012,2.228,1.067,0.91,2.813,0.254,2.297,2.406,2.601,2.23
1675637226.306769,1,T,2.671,2.158,2.083,0.95,0.423,1.716,2.921,1.866,2.67,0.471,2.753,1.983,2.723,2.391,2.16,2.73,2.411
1675637226.590197,1,T,1.728,0.378,0.803,2.389,1.364,1.328,0.361,0.062,2.077,1.439,1.58,1.246,1.829,2.112,1.27,2.1,2.563





1675907571.344297,0,V,3.441,3.465,3.459,3.435,3.46,3.454,3.478,3.477,3.465,3.461,3.47,3.46,3.468,3.469,3.469,3.415,3.413
1675907571.3535511,0,T,24.2,23.8,24.7,23.6,24.2,23.7,23.7,24.5,24.0,24.1,24.0,23.6,24.3,23.8,23.6,23.9,24.0
1675907572.435446,0,V,3.441,3.464,3.459,3.434,3.46,3.454,3.478,3.477,3.465,3.461,3.471,3.46,3.468,3.469,3.47,3.416,3.413
1675907572.442722,0,T,24.2,23.8,24.7,23.5,24.2,23.7,23.7,24.5,24.0,24.1,24.0,23.6,24.3,23.8,23.6,23.9,24.0
1675907573.539159,0,V,3.44,3.464,3.459,3.435,3.461,3.454,3.478,3.477,3.465,3.461,3.471,3.46,3.468,3.469,3.469,3.416,3.413
1675907573.542756,0,T,24.2,23.8,24.7,23.5,24.2,23.7,23.7,24.5,24.0,24.1,24.0,23.6,24.3,23.8,23.6,23.9,24.0
1675907574.634858,0,V,3.44,3.464,3.459,3.434,3.461,3.454,3.478,3.477,3.465,3.461,3.47,3.46,3.468,3.469,3.469,3.415,3.413
1675907574.6445282,0,T,24.2,23.8,24.7,23.5,24.2,23.7,23.7,24.5,24.0,24.1,24.0,23.6,24.3,23.8,23.6,23.9,23.9
1675907575.7252321,0,V,3.44,3.464,3.459,3.435,3.46,3.454,3.478,3.477,3.465,3.461,3.471,3.46,3.468,3.469,3.469,3.415,3.413
1675907575.738542,0,T,24.2,23.8,24.7,23.5,24.2,23.7,23.7,24.5,24.0,24.1,24.0,23.6,24.3,23.8,23.6,23.9,24.0
1675907576.8204658,0,V,3.44,3.464,3.459,3.435,3.461,3.454,3.478,3.477,3.465,3.461,3.47,3.46,3.468,3.469,3.469,3.415,3.413
1675907576.834537,0,T,24.2,23.8,24.7,23.6,24.2,23.7,23.7,24.5,24.0,24.1,24.0,23.6,24.3,23.8,23.6,23.9,24.0
1675907577.9203682,0,V,3.441,3.464,3.459,3.435,3.46,3.454,3.478,3.477,3.465,3.461,3.471,3.46,3.468,3.469,3.469,3.415,3.413
1675907577.936661,0,T,24.2,23.8,24.7,23.6,24.2,23.8,23.7,24.5,24.0,24.0,24.0,23.6,24.3,23.8,23.6,23.9,24.0
1675907579.01503,0,V,3.441,3.464,3.459,3.435,3.461,3.454,3.478,3.477,3.465,3.461,3.471,3.46,3.468,3.469,3.469,3.416,3.413
1675907579.029003,0,T,24.2,23.8,24.7,23.6,24.2,23.7,23.7,24.5,24.0,24.0,24.0,23.6,24.3,23.8,23.6,23.9,24.0
1675907580.1110861,0,V,3.44,3.464,3.459,3.435,3.461,3.454,3.478,3.477,3.466,3.461,3.47,3.46,3.468,3.469,3.469,3.416,3.413
1675907580.1262069,0,T,24.2,23.8,24.7,23.6,24.2,23.7,23.7,24.5,24.0,24.1,24.0,23.6,24.3,23.8,23.6,23.9,24.0
1675907581.209538,0,V,3.44,3.464,3.459,3.435,3.461,3.454,3.478,3.477,3.465,3.461,3.471,3.46,3.468,3.469,3.469,3.416,3.413
1675907581.22882,0,T,24.2,23.8,24.7,23.6,24.2,23.7,23.7,24.5,24.0,24.1,24.0,23.6,24.3,23.8,23.6,23.9,24.0
1675907582.307647,0,V,3.44,3.464,3.459,3.435,3.461,3.454,3.478,3.477,3.465,3.461,3.471,3.46,3.468,3.469,3.469,3.416,3.413
1675907582.322311,0,T,24.2,23.8,24.7,23.5,24.2,23.7,23.7,24.5,24.0,24.1,24.0,23.6,24.3,23.8,23.6,23.9,24.0
1675907583.4048939,0,V,3.44,3.464,3.459,3.435,3.461,3.454,3.478,3.477,3.465,3.461,3.47,3.46,3.468,3.469,3.469,3.416,3.413
1675907583.419222,0,T,24.2,23.8,24.7,23.5,24.2,23.7,23.7,24.5,24.0,24.1,24.0,23.6,24.3,23.8,23.6,23.9,24.0
1675907584.502358,0,V,3.44,3.464,3.459,3.435,3.461,3.454,3.478,3.477,3.466,3.462,3.471,3.46,3.468,3.469,3.469,3.416,3.413
1675907584.5175622,0,T,24.2,23.8,24.7,23.6,24.2,23.8,23.7,24.5,24.0,24.0,24.0,23.6,24.3,23.8,23.6,23.9,24.0
1675907585.599522,0,V,3.44,3.464,3.459,3.435,3.46,3.454,3.478,3.477,3.465,3.461,3.47,3.46,3.468,3.469,3.469,3.416,3.413
1675907585.6172512,0,T,24.2,23.8,24.7,23.6,24.2,23.7,23.7,24.5,24.0,24.0,24.0,23.6,24.3,23.8,23.6,23.9,24.0
1675907586.6972601,0,V,3.44,3.464,3.46,3.434,3.461,3.454,3.478,3.477,3.465,3.461,3.47,3.46,3.468,3.469,3.469,3.415,3.413
1675907586.7117639,0,T,24.2,23.8,24.7,23.6,24.2,23.7,23.7,24.5,24.0,24.1,24.0,23.6,24.3,23.8,23.6,23.9,24.0
1675907587.795114,0,V,3.441,3.464,3.459,3.435,3.46,3.454,3.478,3.477,3.465,3.461,3.471,3.46,3.468,3.469,3.469,3.416,3.413
1675907587.809209,0,T,24.2,23.8,24.7,23.6,24.2,23.7,23.7,24.5,24.0,24.1,24.0,23.6,24.3,23.8,23.6,23.9,24.0
1675907588.893366,0,V,3.44,3.464,3.459,3.435,3.46,3.454,3.478,3.477,3.465,3.461,3.471,3.46,3.468,3.469,3.469,3.416,3.413
1675907588.907816,0,T,24.2,23.8,24.7,23.6,24.2,23.7,23.7,24.5,24.0,24.1,24.0,23.6,24.3,23.8,23.6,23.9,24.0
1675907589.990714,0,V,3.44,3.464,3.459,3.434,3.461,3.454,3.478,3.477,3.465,3.461,3.47,3.46,3.468,3.469,3.469,3.415,3.413
1675907590.0052679,0,T,24.2,23.8,24.7,23.5,24.2,23.7,23.7,24.5,24.0,24.0,24.0,23.6,24.3,23.8,23.6,23.9,24.0
1675907591.088217,0,V,3.44,3.464,3.459,3.434,3.461,3.454,3.478,3.477,3.465,3.461,3.471,3.46,3.468,3.469,3.469,3.416,3.413
1675907591.102423,0,T,24.2,23.8,24.7,23.6,24.2,23.8,23.7,24.5,24.0,24.1,24.0,23.7,24.3,23.8,23.6,23.9,24.0
1675907592.1850061,0,V,3.44,3.464,3.459,3.435,3.46,3.454,3.478,3.477,3.465,3.461,3.471,3.46,3.468,3.469,3.469,3.416,3.413
1675907592.199886,0,T,24.2,23.8,24.7,23.5,24.2,23.7,23.7,24.5,24.0,24.1,24.0,23.6,24.3,23.8,23.6,23.9,23.9
1675907593.28185,0,V,3.44,3.464,3.46,3.435,3.461,3.454,3.478,3.477,3.466,3.461,3.471,3.46,3.468,3.469,3.469,3.416,3.413
1675907593.296696,0,T,24.2,23.8,24.7,23.6,24.2,23.8,23.7,24.5,24.0,24.1,24.0,23.6,24.3,23.8,23.6,23.9,23.9
1675907594.378089,0,V,3.44,3.465,3.459,3.435,3.46,3.454,3.478,3.477,3.466,3.461,3.471,3.46,3.468,3.469,3.469,3.416,3.413
1675907594.396283,0,T,24.2,23.8,24.7,23.6,24.2,23.8,23.7,24.5,24.0,24.1,24.0,23.6,24.3,23.8,23.6,23.9,24.0
1675907595.475109,0,V,3.44,3.464,3.459,3.435,3.46,3.454,3.478,3.477,3.465,3.462,3.47,3.46,3.468,3.469,3.469,3.415,3.413
1675907595.4897869,0,T,24.2,23.8,24.7,23.6,24.2,23.8,23.7,24.5,24.0,24.1,24.0,23.6,24.3,23.8,23.6,23.9,24.0
1675907596.5726779,0,V,3.44,3.464,3.459,3.434,3.46,3.454,3.478,3.477,3.466,3.461,3.471,3.46,3.468,3.469,3.469,3.416,3.413
1675907596.5873861,0,T,24.2,23.8,24.7,23.6,24.2,23.8,23.7,24.5,24.0,24.1,24.0,23.6,24.3,23.8,23.6,23.9,24.0
1675907597.670156,0,V,3.44,3.464,3.459,3.434,3.461,3.454,3.478,3.477,3.465,3.461,3.47,3.46,3.468,3.469,3.469,3.415,3.413
1675907597.687167,0,T,24.2,23.8,24.7,23.6,24.2,23.7,23.7,24.5,24.0,24.1,24.0,23.6,24.3,23.8,23.6,23.9,24.0
1675907598.767804,0,V,3.44,3.464,3.459,3.435,3.461,3.454,3.478,3.477,3.466,3.461,3.471,3.46,3.468,3.469,3.469,3.416,3.413
1675907598.786216,0,T,24.2,23.8,24.7,23.6,24.2,23.7,23.7,24.5,24.0,24.1,24.0,23.6,24.3,23.8,23.6,23.9,24.0
1675907599.865123,0,V,3.44,3.464,3.459,3.435,3.461,3.454,3.478,3.477,3.465,3.461,3.471,3.46,3.468,3.469,3.47,3.415,3.413
1675907599.8796852,0,T,24.2,23.8,24.7,23.6,24.2,23.7,23.7,24.5,24.0,24.1,24.0,23.6,24.2,23.8,23.6,23.9,24.0
1675907600.963728,0,V,3.44,3.464,3.459,3.434,3.461,3.454,3.478,3.477,3.465,3.461,3.471,3.46,3.468,3.469,3.469,3.416,3.413
1675907600.976668,0,T,24.2,23.8,24.7,23.6,24.2,23.7,23.7,24.5,24.0,24.1,24.0,23.6,24.3,23.8,23.6,23.9,24.0
1675907602.059755,0,V,3.44,3.464,3.459,3.435,3.461,3.454,3.478,3.477,3.465,3.461,3.471,3.46,3.468,3.469,3.469,3.416,3.413
1675907602.073958,0,T,24.2,23.8,24.7,23.6,24.2,23.8,23.7,24.5,24.0,24.1,24.0,23.6,24.3,23.8,23.6,23.9,23.9
1675907603.155832,0,V,3.44,3.464,3.459,3.434,3.46,3.454,3.478,3.477,3.465,3.461,3.471,3.46,3.468,3.469,3.469,3.416,3.413
1675907603.1704571,0,T,24.2,23.8,24.7,23.6,24.2,23.7,23.7,24.5,24.0,24.1,24.0,23.6,24.3,23.8,23.6,23.9,24.0


1675911117.311306,0,V,3.436,3.461,3.456,3.431,3.457,3.45,3.476,3.475,3.462,3.457,3.468,3.457,3.465,3.465,3.466,3.411,3.402
1675911117.317724,0,T,25.0,24.6,25.3,24.2,24.9,24.4,24.4,25.2,24.8,24.8,24.8,24.4,25.0,24.6,24.5,25.2,26.4
1675911118.393286,0,V,3.436,3.461,3.456,3.431,3.457,3.45,3.476,3.475,3.462,3.458,3.468,3.457,3.465,3.466,3.466,3.411,3.401
1675911118.408618,0,T,25.0,24.5,25.3,24.2,24.8,24.4,24.4,25.2,24.8,24.8,24.8,24.3,25.0,24.5,24.5,25.2,26.4
1675911119.491866,0,V,3.436,3.461,3.456,3.431,3.457,3.45,3.476,3.475,3.462,3.458,3.468,3.456,3.465,3.466,3.466,3.411,3.402
1675911119.5072079,0,T,25.0,24.5,25.4,24.1,24.9,24.4,24.4,25.2,24.8,24.8,24.8,24.4,25.0,24.5,24.5,25.2,26.4
1675911120.589932,0,V,3.436,3.461,3.456,3.431,3.457,3.45,3.476,3.475,3.462,3.458,3.468,3.456,3.464,3.466,3.466,3.411,3.401
1675911120.604625,0,T,25.0,24.5,25.3,24.2,24.8,24.5,24.5,25.2,24.8,24.8,24.8,24.4,25.0,24.6,24.5,25.2,26.4
1675911121.686804,0,V,3.436,3.461,3.456,3.431,3.457,3.45,3.476,3.475,3.462,3.458,3.468,3.457,3.465,3.466,3.466,3.411,3.401
1675911121.702222,0,T,25.0,24.5,25.3,24.2,24.9,24.4,24.4,25.2,24.8,24.8,24.8,24.3,25.0,24.5,24.5,25.2,26.4
1675911122.7837062,0,V,3.436,3.461,3.456,3.431,3.457,3.45,3.476,3.475,3.462,3.458,3.468,3.457,3.465,3.465,3.466,3.411,3.401
1675911122.7992299,0,T,25.0,24.5,25.3,24.2,24.9,24.4,24.4,25.2,24.8,24.8,24.8,24.3,25.0,24.6,24.5,25.2,26.4
1675911123.881388,0,V,3.436,3.461,3.455,3.431,3.457,3.45,3.476,3.475,3.462,3.457,3.467,3.457,3.464,3.466,3.466,3.411,3.401
1675911123.896682,0,T,25.0,24.5,25.4,24.2,24.8,24.4,24.4,25.2,24.8,24.8,24.8,24.3,25.0,24.6,24.5,25.2,26.4
1675911124.978955,0,V,3.436,3.461,3.455,3.431,3.457,3.45,3.476,3.475,3.462,3.458,3.468,3.457,3.465,3.466,3.466,3.411,3.401
1675911124.995043,0,T,25.0,24.6,25.4,24.2,24.9,24.4,24.4,25.2,24.8,24.8,24.8,24.3,25.0,24.5,24.5,25.2,26.4
1675911126.075469,0,V,3.436,3.461,3.455,3.431,3.457,3.45,3.476,3.475,3.462,3.458,3.468,3.457,3.464,3.466,3.466,3.411,3.401
1675911126.091156,0,T,25.0,24.6,25.3,24.2,24.9,24.5,24.4,25.2,24.8,24.8,24.8,24.4,25.0,24.6,24.5,25.2,26.4
1675911127.174654,0,V,3.436,3.461,3.455,3.431,3.457,3.45,3.476,3.475,3.462,3.458,3.468,3.457,3.465,3.465,3.466,3.411,3.401
1675911127.18958,0,T,25.0,24.5,25.3,24.2,24.9,24.4,24.5,25.2,24.8,24.8,24.8,24.4,25.0,24.6,24.5,25.2,26.4
1675911128.2703779,0,V,3.436,3.461,3.455,3.431,3.457,3.45,3.476,3.475,3.462,3.458,3.468,3.457,3.465,3.466,3.466,3.411,3.402
1675911128.286912,0,T,25.0,24.6,25.3,24.2,24.8,24.5,24.5,25.2,24.8,24.8,24.8,24.3,25.0,24.6,24.5,25.2,26.4
1675911129.3694441,0,V,3.436,3.461,3.456,3.431,3.457,3.45,3.476,3.475,3.462,3.458,3.468,3.457,3.465,3.465,3.466,3.411,3.401
1675911129.383981,0,T,25.0,24.6,25.4,24.2,24.9,24.5,24.5,25.2,24.8,24.8,24.8,24.4,25.0,24.6,24.5,25.2,26.4
1675911130.466201,0,V,3.436,3.461,3.455,3.431,3.457,3.45,3.476,3.475,3.462,3.458,3.468,3.456,3.465,3.466,3.466,3.411,3.401
1675911130.480968,0,T,25.0,24.5,25.4,24.2,24.8,24.4,24.4,25.2,24.8,24.8,24.8,24.4,25.0,24.5,24.5,25.2,26.4
1675911131.563563,0,V,3.436,3.461,3.455,3.43,3.457,3.45,3.476,3.475,3.462,3.457,3.468,3.456,3.464,3.465,3.466,3.411,3.401
1675911131.5783732,0,T,25.0,24.5,25.4,24.2,24.9,24.4,24.5,25.2,24.8,24.8,24.8,24.4,25.0,24.6,24.5,25.2,26.4
1675911132.66112,0,V,3.436,3.461,3.456,3.43,3.457,3.45,3.476,3.475,3.462,3.458,3.467,3.457,3.465,3.465,3.466,3.411,3.401
1675911132.67835,0,T,25.0,24.5,25.3,24.2,24.9,24.5,24.4,25.2,24.8,24.8,24.8,24.3,25.1,24.5,24.5,25.2,26.4
1675911133.7598321,0,V,3.436,3.461,3.456,3.431,3.457,3.45,3.476,3.475,3.462,3.457,3.468,3.457,3.465,3.466,3.466,3.411,3.401
1675911133.774623,0,T,25.0,24.5,25.3,24.2,24.9,24.4,24.4,25.2,24.8,24.8,24.8,24.4,25.0,24.6,24.5,25.2,26.4
1675911134.85838,0,V,3.436,3.461,3.456,3.43,3.457,3.45,3.476,3.475,3.462,3.458,3.467,3.457,3.465,3.466,3.466,3.411,3.401
1675911134.873247,0,T,25.0,24.6,25.4,24.2,24.9,24.4,24.4,25.2,24.8,24.8,24.8,24.3,25.0,24.5,24.5,25.2,26.4
1675911135.9570649,0,V,3.436,3.46,3.455,3.431,3.457,3.45,3.476,3.475,3.462,3.458,3.468,3.456,3.464,3.466,3.466,3.411,3.401
1675911135.971738,0,T,25.0,24.6,25.4,24.2,24.9,24.5,24.5,25.2,24.8,24.8,24.8,24.3,25.0,24.6,24.5,25.2,26.4
1675911137.054332,0,V,3.436,3.461,3.455,3.431,3.457,3.45,3.476,3.475,3.462,3.457,3.468,3.457,3.465,3.466,3.466,3.411,3.401
1675911137.068626,0,T,25.0,24.5,25.4,24.2,24.9,24.4,24.4,25.2,24.8,24.8,24.8,24.4,25.1,24.5,24.5,25.2,26.4
1675911138.1519291,0,V,3.436,3.461,3.456,3.43,3.457,3.45,3.476,3.475,3.462,3.458,3.468,3.457,3.465,3.466,3.466,3.411,3.401
1675911138.16673,0,T,25.0,24.6,25.3,24.2,24.9,24.4,24.4,25.2,24.8,24.8,24.8,24.3,25.0,24.6,24.5,25.2,26.3
1675911139.249345,0,V,3.436,3.461,3.455,3.431,3.457,3.45,3.476,3.475,3.462,3.458,3.467,3.456,3.465,3.466,3.466,3.41,3.401
1675911139.263597,0,T,25.0,24.6,25.4,24.2,24.9,24.4,24.4,25.2,24.8,24.8,24.8,24.4,25.0,24.6,24.5,25.2,26.4
1675911140.34824,0,V,3.436,3.461,3.456,3.43,3.457,3.45,3.476,3.475,3.462,3.457,3.468,3.456,3.465,3.465,3.466,3.411,3.401
1675911140.362315,0,T,25.0,24.6,25.4,24.2,24.9,24.5,24.5,25.2,24.8,24.8,24.8,24.4,25.0,24.5,24.5,25.2,26.4
1675911141.4431648,0,V,3.436,3.461,3.456,3.431,3.457,3.45,3.476,3.475,3.462,3.458,3.468,3.456,3.464,3.466,3.466,3.411,3.401
1675911141.4590359,0,T,25.0,24.5,25.4,24.2,24.9,24.5,24.5,25.2,24.8,24.8,24.8,24.4,25.1,24.6,24.5,25.2,26.4
1675911142.540894,0,V,3.436,3.461,3.455,3.431,3.457,3.45,3.476,3.475,3.462,3.457,3.468,3.457,3.464,3.466,3.466,3.411,3.401
1675911142.556384,0,T,25.0,24.6,25.3,24.2,24.9,24.4,24.5,25.2,24.8,24.8,24.8,24.3,25.0,24.5,24.5,25.2,26.4
1675911143.638051,0,V,3.436,3.461,3.455,3.431,3.457,3.45,3.476,3.475,3.462,3.458,3.468,3.457,3.464,3.466,3.466,3.411,3.401
1675911143.653909,0,T,25.0,24.6,25.4,24.2,24.9,24.4,24.4,25.2,24.8,24.8,24.8,24.4,25.0,24.6,24.5,25.2,26.4
1675911144.735538,0,V,3.436,3.461,3.456,3.431,3.457,3.45,3.476,3.475,3.462,3.458,3.467,3.456,3.465,3.466,3.466,3.411,3.401
1675911144.751282,0,T,25.0,24.5,25.4,24.2,24.9,24.5,24.5,25.2,24.8,24.8,24.8,24.4,25.1,24.6,24.5,25.2,26.4
1675911145.8320189,0,V,3.436,3.461,3.455,3.431,3.457,3.45,3.476,3.475,3.462,3.457,3.468,3.456,3.464,3.465,3.466,3.411,3.401
1675911145.847632,0,T,25.0,24.5,25.4,24.2,24.9,24.4,24.4,25.2,24.8,24.8,24.8,24.4,25.0,24.5,24.5,25.2,26.4
1675911146.9296498,0,V,3.436,3.461,3.455,3.431,3.457,3.45,3.476,3.475,3.462,3.458,3.468,3.456,3.464,3.465,3.466,3.411,3.401
1675911146.945246,0,T,25.0,24.5,25.4,24.2,24.9,24.5,24.5,25.2,24.8,24.8,24.8,24.4,25.1,24.5,24.5,25.2,26.4
1675911148.027412,0,V,3.436,3.461,3.455,3.431,3.457,3.45,3.476,3.475,3.462,3.457,3.467,3.457,3.464,3.466,3.466,3.411,3.401
1675911148.041022,0,T,25.0,24.6,25.4,24.2,24.9,24.5,24.5,25.2,24.8,24.8,24.8,24.4,25.0,24.5,24.5,25.2,26.4
1675911149.122838,0,V,3.436,3.461,3.455,3.43,3.456,3.45,3.476,3.475,3.462,3.458,3.468,3.457,3.465,3.466,3.466,3.411,3.401
1675911149.138088,0,T,25.0,24.5,25.3,24.2,24.8,24.5,24.4,25.2,24.8,24.8,24.8,24.4,25.0,24.5,24.5,25.2,26.4
1675911150.220596,0,V,3.436,3.461,3.455,3.431,3.457,3.45,3.476,3.475,3.462,3.458,3.468,3.456,3.465,3.466,3.466,3.41,3.401
1675911150.235195,0,T,25.0,24.6,25.4,24.2,24.9,24.5,24.4,25.2,24.8,24.8,24.8,24.3,25.1,24.6,24.5,25.2,26.4
1675911151.319755,0,V,3.436,3.461,3.455,3.431,3.457,3.45,3.476,3.475,3.462,3.457,3.468,3.456,3.464,3.466,3.466,3.411,3.401
1675911151.335704,0,T,25.0,24.5,25.4,24.2,24.9,24.5,24.4,25.2,24.8,24.8,24.8,24.3,25.1,24.5,24.5,25.2,26.4
1675911152.415489,0,V,3.436,3.461,3.456,3.431,3.457,3.45,3.476,3.475,3.462,3.458,3.467,3.456,3.464,3.465,3.466,3.411,3.401
1675911152.43003,0,T,25.0,24.5,25.3,24.2,24.9,24.4,24.5,25.2,24.8,24.8,24.8,24.4,25.1,24.6,24.5,25.2,26.4
1675911153.512954,0,V,3.436,3.461,3.456,3.431,3.457,3.45,3.476,3.475,3.462,3.457,3.467,3.456,3.465,3.465,3.466,3.411,3.401
1675911153.5293372,0,T,25.0,24.6,25.4,24.2,24.9,24.5,24.4,25.2,24.8,24.8,24.8,24.4,25.1,24.6,24.5,25.2,26.4
1675911154.612444,0,V,3.436,3.461,3.455,3.43,3.457,3.45,3.476,3.475,3.462,3.458,3.468,3.456,3.464,3.465,3.466,3.411,3.401
1675911154.6270878,0,T,25.0,24.6,25.3,24.2,24.9,24.5,24.5,25.2,24.8,24.8,24.8,24.3,25.0,24.6,24.5,25.2,26.4
1675911155.708069,0,V,3.436,3.46,3.455,3.43,3.457,3.45,3.476,3.475,3.462,3.457,3.468,3.456,3.465,3.466,3.466,3.411,3.401
1675911155.7237718,0,T,25.0,24.5,25.4,24.2,24.9,24.5,24.5,25.2,24.8,24.8,24.8,24.4,25.0,24.5,24.5,25.3,26.4
1675911156.806619,0,V,3.436,3.461,3.455,3.431,3.457,3.45,3.476,3.475,3.462,3.458,3.468,3.457,3.465,3.466,3.466,3.411,3.401
1675911156.8216572,0,T,25.0,24.6,25.4,24.2,24.9,24.4,24.4,25.2,24.8,24.8,24.8,24.4,25.0,24.6,24.5,25.2,26.4
1675911157.903837,0,V,3.436,3.461,3.455,3.431,3.457,3.45,3.477,3.475,3.462,3.457,3.468,3.456,3.464,3.465,3.466,3.411,3.401
1675911157.9185028,0,T,25.0,24.6,25.3,24.2,24.9,24.5,24.5,25.2,24.8,24.8,24.8,24.3,25.0,24.5,24.5,25.3,26.3
1675911159.001374,0,V,3.436,3.461,3.455,3.431,3.457,3.45,3.476,3.475,3.462,3.457,3.468,3.456,3.465,3.465,3.466,3.411,3.401
1675911159.0160818,0,T,25.0,24.6,25.4,24.2,24.9,24.4,24.4,25.2,24.8,24.8,24.8,24.4,25.1,24.6,24.5,25.2,26.4
1675911160.0983639,0,V,3.436,3.461,3.455,3.43,3.457,3.45,3.476,3.475,3.462,3.458,3.468,3.457,3.464,3.466,3.466,3.411,3.401
1675911160.1134121,0,T,25.0,24.6,25.4,24.2,24.9,24.4,24.5,25.2,24.8,24.8,24.8,24.3,25.0,24.6,24.5,25.2,26.4
1675911161.1961758,0,V,3.436,3.46,3.455,3.431,3.457,3.45,3.476,3.475,3.462,3.458,3.467,3.456,3.464,3.465,3.466,3.411,3.401
1675911161.210907,0,T,25.0,24.6,25.4,24.2,24.9,24.5,24.5,25.2,24.8,24.8,24.8,24.4,25.0,24.6,24.5,25.2,26.3
1675911162.291717,0,V,3.436,3.461,3.456,3.43,3.456,3.45,3.476,3.475,3.462,3.458,3.467,3.456,3.465,3.466,3.466,3.411,3.401
1675911162.3059862,0,T,25.0,24.5,25.4,24.2,24.9,24.4,24.4,25.2,24.8,24.8,24.8,24.4,25.0,24.6,24.5,25.3,26.4
1675911163.388834,0,V,3.436,3.461,3.456,3.431,3.457,3.45,3.476,3.475,3.462,3.457,3.468,3.456,3.465,3.465,3.466,3.411,3.401
1675911163.406503,0,T,25.0,24.6,25.3,24.2,24.9,24.4,24.5,25.2,24.8,24.8,24.8,24.3,25.0,24.5,24.5,25.2,26.4
1675911164.48609,0,V,3.436,3.461,3.456,3.43,3.457,3.45,3.476,3.475,3.462,3.457,3.468,3.456,3.464,3.466,3.466,3.411,3.401
1675911164.500878,0,T,25.0,24.6,25.4,24.2,24.9,24.4,24.5,25.2,24.8,24.8,24.8,24.3,25.0,24.5,24.5,25.2,26.3
1675911165.58351,0,V,3.436,3.461,3.455,3.43,3.457,3.45,3.476,3.475,3.462,3.457,3.467,3.456,3.465,3.466,3.466,3.411,3.401
1675911165.59769,0,T,25.0,24.6,25.4,24.2,24.9,24.5,24.4,25.2,24.8,24.8,24.8,24.4,25.0,24.6,24.5,25.2,26.3
1675911166.682783,0,V,3.436,3.461,3.455,3.43,3.457,3.45,3.476,3.475,3.462,3.458,3.468,3.456,3.464,3.466,3.466,3.411,3.401
1675911166.6951182,0,T,25.0,24.6,25.4,24.2,24.9,24.5,24.5,25.2,24.8,24.8,24.8,24.4,25.1,24.6,24.5,25.3,26.4
1675911167.778254,0,V,3.436,3.46,3.455,3.431,3.457,3.45,3.476,3.475,3.462,3.458,3.468,3.456,3.465,3.466,3.466,3.411,3.401
1675911167.793355,0,T,25.0,24.5,25.4,24.2,24.9,24.5,24.4,25.2,24.8,24.8,24.8,24.4,25.0,24.6,24.5,25.2,26.3
1675911168.873496,0,V,3.436,3.46,3.455,3.431,3.456,3.45,3.476,3.475,3.462,3.457,3.468,3.456,3.464,3.465,3.466,3.411,3.401
1675911168.8888361,0,T,25.0,24.5,25.4,24.2,24.9,24.5,24.4,25.2,24.8,24.8,24.8,24.4,25.0,24.6,24.5,25.2,26.4
1675911169.971483,0,V,3.436,3.461,3.455,3.43,3.457,3.45,3.476,3.475,3.462,3.457,3.468,3.456,3.465,3.465,3.466,3.41,3.401
1675911169.9864168,0,T,25.0,24.6,25.4,24.2,24.9,24.5,24.4,25.2,24.8,24.8,24.8,24.4,25.0,24.6,24.5,25.2,26.4
1675911171.068759,0,V,3.436,3.461,3.456,3.431,3.457,3.45,3.476,3.475,3.462,3.458,3.467,3.456,3.465,3.466,3.466,3.411,3.401
1675911171.0836182,0,T,25.0,24.5,25.4,24.2,24.9,24.5,24.5,25.2,24.8,24.8,24.8,24.4,25.0,24.6,24.5,25.2,26.3
1675911172.164873,0,V,3.436,3.461,3.455,3.43,3.457,3.45,3.476,3.475,3.462,3.458,3.467,3.456,3.465,3.466,3.466,3.411,3.401
1675911172.179552,0,T,25.0,24.6,25.4,24.2,24.9,24.5,24.5,25.2,24.8,24.8,24.8,24.4,25.0,24.6,24.5,25.2,26.3
1675911173.2631528,0,V,3.436,3.461,3.455,3.431,3.456,3.45,3.476,3.475,3.462,3.457,3.467,3.456,3.465,3.465,3.466,3.411,3.401
1675911173.278077,0,T,25.0,24.6,25.3,24.2,24.9,24.5,24.5,25.2,24.8,24.8,24.8,24.4,25.1,24.5,24.5,25.2,26.4
1675911174.3609889,0,V,3.436,3.461,3.455,3.43,3.457,3.45,3.476,3.475,3.462,3.457,3.468,3.456,3.465,3.466,3.466,3.411,3.401
1675911174.375859,0,T,25.0,24.6,25.4,24.2,24.9,24.5,24.5,25.2,24.8,24.8,24.8,24.4,25.0,24.6,24.5,25.2,26.4
1675911175.457323,0,V,3.436,3.461,3.455,3.43,3.456,3.45,3.476,3.474,3.462,3.458,3.468,3.456,3.465,3.466,3.466,3.411,3.401
1675911175.472182,0,T,25.0,24.6,25.4,24.2,24.9,24.5,24.4,25.2,24.8,24.8,24.8,24.4,25.0,24.5,24.5,25.2,26.4
1675911176.554711,0,V,3.436,3.461,3.456,3.43,3.457,3.45,3.476,3.475,3.462,3.458,3.467,3.457,3.465,3.466,3.466,3.411,3.401
1675911176.569505,0,T,25.0,24.6,25.4,24.2,24.9,24.5,24.5,25.2,24.8,24.8,24.8,24.4,25.0,24.6,24.5,25.3,26.3
1675911177.6503198,0,V,3.436,3.461,3.455,3.43,3.457,3.45,3.476,3.475,3.462,3.458,3.467,3.456,3.465,3.465,3.466,3.411,3.401
1675911177.6647758,0,T,25.0,24.5,25.3,24.2,24.9,24.5,24.5,25.2,24.8,24.8,24.8,24.4,25.0,24.5,24.5,25.2,26.3
1675911178.7474308,0,V,3.436,3.46,3.455,3.431,3.457,3.45,3.476,3.475,3.462,3.458,3.468,3.456,3.465,3.466,3.466,3.411,3.401
1675911178.761791,0,T,25.0,24.5,25.4,24.2,24.9,24.5,24.5,25.2,24.8,24.8,24.8,24.4,25.1,24.6,24.5,25.3,26.3
1675911179.84303,0,V,3.436,3.461,3.456,3.43,3.456,3.45,3.476,3.475,3.462,3.457,3.467,3.456,3.465,3.465,3.466,3.411,3.401
1675911179.857913,0,T,25.0,24.6,25.4,24.2,24.9,24.4,24.5,25.2,24.8,24.8,24.8,24.4,25.1,24.6,24.5,25.3,26.4
1675911180.939959,0,V,3.436,3.461,3.455,3.43,3.457,3.45,3.476,3.475,3.462,3.457,3.468,3.456,3.464,3.465,3.466,3.411,3.401
1675911180.954732,0,T,25.0,24.6,25.4,24.2,24.9,24.5,24.5,25.2,24.8,24.8,24.8,24.4,25.1,24.6,24.5,25.2,26.3
1675911182.0371032,0,V,3.436,3.461,3.456,3.431,3.457,3.45,3.476,3.475,3.462,3.458,3.468,3.456,3.464,3.465,3.466,3.411,3.401
1675911182.051511,0,T,25.0,24.6,25.4,24.2,24.9,24.5,24.5,25.2,24.8,24.8,24.8,24.4,25.1,24.6,24.5,25.2,26.3
1675911183.1351092,0,V,3.435,3.461,3.456,3.43,3.457,3.449,3.476,3.475,3.462,3.457,3.468,3.456,3.465,3.465,3.466,3.41,3.401
1675911183.149633,0,T,25.0,24.6,25.4,24.2,24.9,24.5,24.5,25.2,24.8,24.8,24.8,24.4,25.1,24.6,24.5,25.2,26.3
1675911184.2329578,0,V,3.436,3.461,3.455,3.43,3.457,3.45,3.476,3.475,3.462,3.458,3.468,3.457,3.465,3.466,3.466,3.411,3.401
1675911184.2475252,0,T,25.0,24.6,25.4,24.2,24.9,24.4,24.4,25.2,24.8,24.8,24.8,24.4,25.0,24.6,24.5,25.3,26.4
1675911185.331171,0,V,3.436,3.46,3.456,3.43,3.457,3.45,3.476,3.475,3.462,3.457,3.468,3.456,3.464,3.466,3.466,3.411,3.401
1675911185.345655,0,T,25.0,24.6,25.4,24.2,24.9,24.5,24.5,25.2,24.8,24.8,24.8,24.4,25.1,24.6,24.5,25.2,26.4
1675911186.428243,0,V,3.436,3.46,3.455,3.43,3.456,3.45,3.476,3.475,3.462,3.458,3.467,3.456,3.464,3.465,3.466,3.411,3.401
1675911186.4428911,0,T,25.0,24.6,25.4,24.2,24.9,24.5,24.5,25.2,24.8,24.8,24.8,24.4,25.1,24.6,24.5,25.2,26.3
1675911187.52544,0,V,3.436,3.461,3.455,3.43,3.456,3.45,3.476,3.475,3.462,3.457,3.468,3.456,3.465,3.465,3.466,3.411,3.401
1675911187.540224,0,T,25.0,24.6,25.4,24.2,24.9,24.5,24.5,25.2,24.8,24.8,24.8,24.4,25.0,24.5,24.5,25.3,26.3
1675911188.624057,0,V,3.436,3.461,3.455,3.43,3.456,3.45,3.476,3.475,3.462,3.457,3.467,3.456,3.464,3.465,3.466,3.411,3.401
1675911188.638699,0,T,25.0,24.6,25.4,24.2,24.9,24.5,24.5,25.2,24.8,24.8,24.8,24.3,25.1,24.6,24.5,25.3,26.3
1675911189.72192,0,V,3.436,3.46,3.455,3.43,3.457,3.45,3.476,3.475,3.462,3.458,3.467,3.456,3.464,3.466,3.466,3.411,3.401
1675911189.736238,0,T,25.0,24.5,25.4,24.2,24.9,24.5,24.5,25.2,24.8,24.8,24.8,24.4,25.1,24.6,24.5,25.2,26.3
1675911190.8194182,0,V,3.436,3.461,3.455,3.43,3.457,3.45,3.476,3.475,3.462,3.458,3.468,3.456,3.465,3.466,3.466,3.411,3.401
1675911190.834049,0,T,25.0,24.6,25.4,24.2,24.9,24.5,24.5,25.2,24.8,24.8,24.8,24.4,25.1,24.6,24.5,25.2,26.3
